<?xml version="1.0" encoding="UTF-8"?>
<beans xmlns="http://www.springframework.org/schema/beans"
       xmlns:xsi="http://www.w3.org/2001/XMLSchema-instance"
       xmlns:context="http://www.springframework.org/schema/context"
       xmlns:mongo="http://www.springframework.org/schema/data/mongo"
       xmlns:p="http://www.springframework.org/schema/p"
        xmlns:jms="http://www.springframework.org/schema/jms"
       xsi:schemaLocation="http://www.springframework.org/schema/beans 
       http://www.springframework.org/schema/beans/spring-beans-3.2.xsd 
       http://www.springframework.org/schema/data/mongo
       http://www.springframework.org/schema/data/mongo/spring-mongo-1.0.xsd
       
       http://www.springframework.org/schema/context 
       http://www.springframework.org/schema/context/spring-context-3.2.xsd 
       http://www.springframework.org/schema/jms 
       http://www.springframework.org/schema/jms/spring-jms.xsd
       http://activemq.apache.org/schema/core 
       http://activemq.apache.org/schema/core/activemq-core.xsd">
    <context:component-scan base-package="com.packt" />
 
    <!-- Factory bean that creates the Mongo instance -->
    <bean id="mongo" class="org.springframework.data.mongodb.core.MongoFactoryBean">
        <property name="host" value="localhost" />
    </bean>
     <mongo:mongo host="127.0.0.1" port="27017" />
	<mongo:db-factory dbname="eshopdb" />
 
	<bean id="mongoTemplate" class="org.springframework.data.mongodb.core.MongoTemplate">
		<constructor-arg name="mongoDbFactory" ref="mongoDbFactory" />
	</bean>
     <!-- Use this post processor to translate any MongoExceptions thrown in @Repository annotated classes -->
    <bean class="org.springframework.dao.annotation.PersistenceExceptionTranslationPostProcessor" />
 
    <bean id="jspViewResolver"
          class="org.springframework.web.servlet.view.InternalResourceViewResolver"
          p:prefix="/WEB-INF/myviews/"
          p:suffix=".jsp" /> 
            <!-- JMS Active MQQueue configuration -->
          <bean id="connectionFactory" class="org.apache.activemq.ActiveMQConnectionFactory">
         <property name="brokerURL">
             <value>tcp://localhost:61616</value>
         </property>
     </bean>
      
     <bean id="destination" class="org.apache.activemq.command.ActiveMQQueue">
         <constructor-arg value="orderQueue"/>
     </bean>
     
     <bean id="jmsTemplate" class="org.springframework.jms.core.JmsTemplate">
         <property name="connectionFactory" ref="connectionFactory" />
         <property name="defaultDestination" ref="destination" />
     </bean>
 <bean id="orderSender" class="com.packt.jms.OrderSender" />
 <jms:listener-container  connection-factory="connectionFactory">
      <jms:listener destination="orderQueue" ref="orderReceiver" method="orderReceived" />
 </jms:listener-container>
</beans>
